name,danceability,energy,key,loudness,mode,speechiness,acousticness,instrumentalness,liveness,valence,tempo,type,id,uri,track_href,analysis_url,duration_ms,time_signature
Madonna,0.732,0.873,0,-5.965,1,0.0321,0.0449,0.000803,0.347,0.662,128.029,audio_features,5LhI8m7n8xlQmNe3b7Rwis,spotify:track:5LhI8m7n8xlQmNe3b7Rwis,https://api.spotify.com/v1/tracks/5LhI8m7n8xlQmNe3b7Rwis,https://api.spotify.com/v1/audio-analysis/5LhI8m7n8xlQmNe3b7Rwis,187088,3
La Diabla,0.751,0.819,11,-4.372,0,0.0409,0.255,0.0,0.236,0.697,131.842,audio_features,0R6NfOiLzLj4O5VbYSJAjf,spotify:track:0R6NfOiLzLj4O5VbYSJAjf,https://api.spotify.com/v1/tracks/0R6NfOiLzLj4O5VbYSJAjf,https://api.spotify.com/v1/audio-analysis/0R6NfOiLzLj4O5VbYSJAjf,172264,3
La Víctima,0.778,0.835,11,-3.598,0,0.0767,0.152,0.0,0.109,0.666,140.082,audio_features,5XVdHRf4CAJ2Jm0uMIy5qY,spotify:track:5XVdHRf4CAJ2Jm0uMIy5qY,https://api.spotify.com/v1/tracks/5XVdHRf4CAJ2Jm0uMIy5qY,https://api.spotify.com/v1/audio-analysis/5XVdHRf4CAJ2Jm0uMIy5qY,156346,4
Gata Only,0.791,0.499,8,-8.472,0,0.0509,0.446,2.41e-05,0.0899,0.669,99.986,audio_features,6XjDF6nds4DE2BBbagZol6,spotify:track:6XjDF6nds4DE2BBbagZol6,https://api.spotify.com/v1/tracks/6XjDF6nds4DE2BBbagZol6,https://api.spotify.com/v1/audio-analysis/6XjDF6nds4DE2BBbagZol6,222000,4
Regalo De Dios,0.792,0.516,4,-6.097,0,0.027,0.197,0.0,0.0855,0.916,108.939,audio_features,51qYdMBxt9mFbtZBzq1Yfi,spotify:track:51qYdMBxt9mFbtZBzq1Yfi,https://api.spotify.com/v1/tracks/51qYdMBxt9mFbtZBzq1Yfi,https://api.spotify.com/v1/audio-analysis/51qYdMBxt9mFbtZBzq1Yfi,185933,4
ROCKSTAR,0.761,0.658,11,-7.188,1,0.0429,0.292,1.55e-06,0.137,0.895,125.036,audio_features,6YOfGIE6iFxC7G8OlGGvzW,spotify:track:6YOfGIE6iFxC7G8OlGGvzW,https://api.spotify.com/v1/tracks/6YOfGIE6iFxC7G8OlGGvzW,https://api.spotify.com/v1/audio-analysis/6YOfGIE6iFxC7G8OlGGvzW,168677,3
Que Onda,0.808,0.944,10,-4.863,0,0.0408,0.183,1.11e-06,0.138,0.937,124.934,audio_features,6uIIdjYTxxpWOyWuVXrKQO,spotify:track:6uIIdjYTxxpWOyWuVXrKQO,https://api.spotify.com/v1/tracks/6uIIdjYTxxpWOyWuVXrKQO,https://api.spotify.com/v1/audio-analysis/6uIIdjYTxxpWOyWuVXrKQO,191467,3
HARLEY QUINN,0.815,0.741,1,-6.04,1,0.0569,0.0277,0.0183,0.219,0.591,125.031,audio_features,6CvTEtGagmzQvkUzzyKR9k,spotify:track:6CvTEtGagmzQvkUzzyKR9k,https://api.spotify.com/v1/tracks/6CvTEtGagmzQvkUzzyKR9k,https://api.spotify.com/v1/audio-analysis/6CvTEtGagmzQvkUzzyKR9k,143327,4
Elvira,0.76,0.711,1,-6.966,1,0.0646,0.0812,0.0,0.0921,0.798,128.134,audio_features,1xgWArLVFD1AKsLzftZYc2,spotify:track:1xgWArLVFD1AKsLzftZYc2,https://api.spotify.com/v1/tracks/1xgWArLVFD1AKsLzftZYc2,https://api.spotify.com/v1/audio-analysis/1xgWArLVFD1AKsLzftZYc2,196832,3
TÚ NAME,0.76,0.747,0,-5.083,0,0.0282,0.0675,2.73e-06,0.309,0.884,128.912,audio_features,3FqUPvubYeRCMsdJ02QyZR,spotify:track:3FqUPvubYeRCMsdJ02QyZR,https://api.spotify.com/v1/tracks/3FqUPvubYeRCMsdJ02QyZR,https://api.spotify.com/v1/audio-analysis/3FqUPvubYeRCMsdJ02QyZR,152079,3
FIRST LOVE,0.694,0.588,2,-6.24,1,0.0565,0.358,0.0,0.299,0.794,73.929,audio_features,3QQAeMQbbjZXVFbF8DgFWT,spotify:track:3QQAeMQbbjZXVFbF8DgFWT,https://api.spotify.com/v1/tracks/3QQAeMQbbjZXVFbF8DgFWT,https://api.spotify.com/v1/audio-analysis/3QQAeMQbbjZXVFbF8DgFWT,169440,4
Y LLORO,0.728,0.589,7,-7.115,1,0.0376,0.424,7.78e-06,0.166,0.767,77.475,audio_features,6RcAHyC5sAUIbPTkhOQwd8,spotify:track:6RcAHyC5sAUIbPTkhOQwd8,https://api.spotify.com/v1/tracks/6RcAHyC5sAUIbPTkhOQwd8,https://api.spotify.com/v1/audio-analysis/6RcAHyC5sAUIbPTkhOQwd8,179013,4
Poco A Poco,0.779,0.88,4,-2.212,0,0.065,0.426,0.0,0.0691,0.732,140.282,audio_features,4loIMejzvt11s97SGVEat8,spotify:track:4loIMejzvt11s97SGVEat8,https://api.spotify.com/v1/tracks/4loIMejzvt11s97SGVEat8,https://api.spotify.com/v1/audio-analysis/4loIMejzvt11s97SGVEat8,156040,3
LUNA,0.774,0.86,7,-2.888,0,0.13,0.131,0.0,0.116,0.446,100.019,audio_features,7bywjHOc0wSjGGbj04XbVi,spotify:track:7bywjHOc0wSjGGbj04XbVi,https://api.spotify.com/v1/tracks/7bywjHOc0wSjGGbj04XbVi,https://api.spotify.com/v1/audio-analysis/7bywjHOc0wSjGGbj04XbVi,196800,4
Lo Tienes Todo,0.702,0.836,8,-3.599,1,0.0658,0.204,0.0,0.0698,0.63,117.897,audio_features,29vIEdxgMT9H1fnBMecWjA,spotify:track:29vIEdxgMT9H1fnBMecWjA,https://api.spotify.com/v1/tracks/29vIEdxgMT9H1fnBMecWjA,https://api.spotify.com/v1/audio-analysis/29vIEdxgMT9H1fnBMecWjA,164387,4
Mi Bello Angel,0.807,0.665,9,-6.961,0,0.0497,0.0185,0.0,0.118,0.864,127.909,audio_features,4t46soaqA758rbukTO5pp1,spotify:track:4t46soaqA758rbukTO5pp1,https://api.spotify.com/v1/tracks/4t46soaqA758rbukTO5pp1,https://api.spotify.com/v1/audio-analysis/4t46soaqA758rbukTO5pp1,188667,3
EL AMOR DE SU VIDA,0.616,0.834,9,-3.069,1,0.0664,0.06,0.0,0.338,0.746,151.701,audio_features,0O3U5iwTbiXCREMkvotJuN,spotify:track:0O3U5iwTbiXCREMkvotJuN,https://api.spotify.com/v1/tracks/0O3U5iwTbiXCREMkvotJuN,https://api.spotify.com/v1/audio-analysis/0O3U5iwTbiXCREMkvotJuN,165848,4
O Me Voy O Te Vas,0.684,0.509,8,-10.702,1,0.0397,0.076,0.0,0.0533,0.796,99.24,audio_features,127UT7AiWflJwjXWUBBVTQ,spotify:track:127UT7AiWflJwjXWUBBVTQ,https://api.spotify.com/v1/tracks/127UT7AiWflJwjXWUBBVTQ,https://api.spotify.com/v1/audio-analysis/127UT7AiWflJwjXWUBBVTQ,242133,4
Según Quién,0.909,0.762,9,-3.974,1,0.0643,0.434,0.0,0.0856,0.843,101.987,audio_features,4bw8mcDUSRWfQo63ZTYRnU,spotify:track:4bw8mcDUSRWfQo63ZTYRnU,https://api.spotify.com/v1/tracks/4bw8mcDUSRWfQo63ZTYRnU,https://api.spotify.com/v1/audio-analysis/4bw8mcDUSRWfQo63ZTYRnU,142335,3
Apaga El Cel,0.744,0.842,10,-6.576,0,0.0358,0.101,2.43e-06,0.148,0.814,125.258,audio_features,1sXr6moCwVxwKEgSPxhVvF,spotify:track:1sXr6moCwVxwKEgSPxhVvF,https://api.spotify.com/v1/tracks/1sXr6moCwVxwKEgSPxhVvF,https://api.spotify.com/v1/audio-analysis/1sXr6moCwVxwKEgSPxhVvF,170832,3
Igual Que Un Ángel (with Peso Pluma),0.685,0.61,5,-5.36,0,0.0343,0.00348,0.00054,0.183,0.464,107.999,audio_features,6XaJfhwof7qIgbbXO5tIQI,spotify:track:6XaJfhwof7qIgbbXO5tIQI,https://api.spotify.com/v1/tracks/6XaJfhwof7qIgbbXO5tIQI,https://api.spotify.com/v1/audio-analysis/6XaJfhwof7qIgbbXO5tIQI,260371,4
Rompe La Dompe,0.757,0.642,2,-7.966,0,0.0369,0.607,0.0355,0.169,0.759,130.098,audio_features,2OWv3lRR8PtOVuHWzQNRs2,spotify:track:2OWv3lRR8PtOVuHWzQNRs2,https://api.spotify.com/v1/tracks/2OWv3lRR8PtOVuHWzQNRs2,https://api.spotify.com/v1/audio-analysis/2OWv3lRR8PtOVuHWzQNRs2,165635,3
SABOR FRESA,0.778,0.864,7,-4.61,0,0.0907,0.0898,0.0,0.0901,0.961,130.17,audio_features,3kx21xR6IboC9HVdajgBoc,spotify:track:3kx21xR6IboC9HVdajgBoc,https://api.spotify.com/v1/tracks/3kx21xR6IboC9HVdajgBoc,https://api.spotify.com/v1/audio-analysis/3kx21xR6IboC9HVdajgBoc,156501,3
QLONA,0.841,0.738,7,-7.455,0,0.307,0.52,0.0,0.0892,0.484,169.918,audio_features,5RqSsdzTNPX1uzkmlHCFvK,spotify:track:5RqSsdzTNPX1uzkmlHCFvK,https://api.spotify.com/v1/tracks/5RqSsdzTNPX1uzkmlHCFvK,https://api.spotify.com/v1/audio-analysis/5RqSsdzTNPX1uzkmlHCFvK,172798,4
ELOVRGA,0.793,0.476,5,-10.515,0,0.0406,0.132,0.0,0.115,0.578,129.992,audio_features,2TJKY0WSFufZOzbRNgl6zE,spotify:track:2TJKY0WSFufZOzbRNgl6zE,https://api.spotify.com/v1/tracks/2TJKY0WSFufZOzbRNgl6zE,https://api.spotify.com/v1/audio-analysis/2TJKY0WSFufZOzbRNgl6zE,194769,4
Modo DND,0.756,0.812,4,-3.483,0,0.0538,0.182,0.0,0.227,0.571,134.887,audio_features,1TEKUj8c5iyRNUUxo9SdSD,spotify:track:1TEKUj8c5iyRNUUxo9SdSD,https://api.spotify.com/v1/tracks/1TEKUj8c5iyRNUUxo9SdSD,https://api.spotify.com/v1/audio-analysis/1TEKUj8c5iyRNUUxo9SdSD,220298,3
LADY GAGA,0.646,0.736,5,-7.118,0,0.0449,0.216,0.0,0.415,0.873,140.098,audio_features,7mXuWTczZNxG5EDcjFEuJR,spotify:track:7mXuWTczZNxG5EDcjFEuJR,https://api.spotify.com/v1/tracks/7mXuWTczZNxG5EDcjFEuJR,https://api.spotify.com/v1/audio-analysis/7mXuWTczZNxG5EDcjFEuJR,212878,3
LOU LOU,0.739,0.579,7,-8.361,0,0.0509,0.0622,0.0,0.454,0.694,130.002,audio_features,3FvTHuefYV6TxE3Kseqno8,spotify:track:3FvTHuefYV6TxE3Kseqno8,https://api.spotify.com/v1/tracks/3FvTHuefYV6TxE3Kseqno8,https://api.spotify.com/v1/audio-analysis/3FvTHuefYV6TxE3Kseqno8,188000,3
A Puro Dolor,0.743,0.634,9,-5.358,1,0.0334,0.0632,0.0,0.198,0.263,129.888,audio_features,1rXxK89X0XGpIdTB6CwiFu,spotify:track:1rXxK89X0XGpIdTB6CwiFu,https://api.spotify.com/v1/tracks/1rXxK89X0XGpIdTB6CwiFu,https://api.spotify.com/v1/audio-analysis/1rXxK89X0XGpIdTB6CwiFu,168087,3
CRAZYZ,0.809,0.836,4,-6.565,0,0.043,0.216,9.44e-05,0.112,0.778,125.953,audio_features,4zfQER4owi8q6NL8Gg63Ya,spotify:track:4zfQER4owi8q6NL8Gg63Ya,https://api.spotify.com/v1/tracks/4zfQER4owi8q6NL8Gg63Ya,https://api.spotify.com/v1/audio-analysis/4zfQER4owi8q6NL8Gg63Ya,199964,3
Vete,0.626,0.708,5,-7.097,1,0.0556,0.442,3.04e-06,0.137,0.883,168.162,audio_features,1GtIK8iINes4gNt06F60NU,spotify:track:1GtIK8iINes4gNt06F60NU,https://api.spotify.com/v1/tracks/1GtIK8iINes4gNt06F60NU,https://api.spotify.com/v1/audio-analysis/1GtIK8iINes4gNt06F60NU,185240,4
we can't be friends (wait for your love),0.645,0.663,5,-8.305,1,0.0447,0.0657,3.18e-05,0.0751,0.287,115.83,audio_features,51ZQ1vr10ffzbwIjDCwqm4,spotify:track:51ZQ1vr10ffzbwIjDCwqm4,https://api.spotify.com/v1/tracks/51ZQ1vr10ffzbwIjDCwqm4,https://api.spotify.com/v1/audio-analysis/51ZQ1vr10ffzbwIjDCwqm4,228639,4
QUE VUELVAS,0.497,0.644,10,-4.309,1,0.0443,0.188,0.0,0.114,0.779,162.542,audio_features,5HR7yfhSCeoOHRQN05XnZQ,spotify:track:5HR7yfhSCeoOHRQN05XnZQ,https://api.spotify.com/v1/tracks/5HR7yfhSCeoOHRQN05XnZQ,https://api.spotify.com/v1/audio-analysis/5HR7yfhSCeoOHRQN05XnZQ,169419,4
LA PEOPLE,0.736,0.862,7,-4.136,0,0.0333,0.464,0.0,0.0904,0.799,145.001,audio_features,1RzjXhgnzqb3dMa5852itx,spotify:track:1RzjXhgnzqb3dMa5852itx,https://api.spotify.com/v1/tracks/1RzjXhgnzqb3dMa5852itx,https://api.spotify.com/v1/audio-analysis/1RzjXhgnzqb3dMa5852itx,153032,3
Primera Cita,0.535,0.395,10,-7.805,1,0.0634,0.597,6.78e-05,0.0969,0.488,157.795,audio_features,25OeKzcqakFPaJlXHPE5lm,spotify:track:25OeKzcqakFPaJlXHPE5lm,https://api.spotify.com/v1/tracks/25OeKzcqakFPaJlXHPE5lm,https://api.spotify.com/v1/audio-analysis/25OeKzcqakFPaJlXHPE5lm,186456,3
ANDO,0.869,0.568,8,-8.648,0,0.0729,0.0023,0.00177,0.0778,0.35,98.015,audio_features,4GvEuYAfJlICR2SpMDaBxQ,spotify:track:4GvEuYAfJlICR2SpMDaBxQ,https://api.spotify.com/v1/tracks/4GvEuYAfJlICR2SpMDaBxQ,https://api.spotify.com/v1/audio-analysis/4GvEuYAfJlICR2SpMDaBxQ,172768,4
LA FALDA,0.8,0.738,7,-4.26,1,0.0691,0.372,0.00877,0.19,0.267,103.008,audio_features,7iUtQNMRB8ZkKC4AmEuCJC,spotify:track:7iUtQNMRB8ZkKC4AmEuCJC,https://api.spotify.com/v1/tracks/7iUtQNMRB8ZkKC4AmEuCJC,https://api.spotify.com/v1/audio-analysis/7iUtQNMRB8ZkKC4AmEuCJC,174230,4
Alucin,0.787,0.769,7,-4.681,0,0.0335,0.00331,0.00332,0.115,0.509,128.0,audio_features,6ED7qim1NAX1HjNU8039WS,spotify:track:6ED7qim1NAX1HjNU8039WS,https://api.spotify.com/v1/tracks/6ED7qim1NAX1HjNU8039WS,https://api.spotify.com/v1/audio-analysis/6ED7qim1NAX1HjNU8039WS,197114,4
PERRO NEGRO,0.911,0.778,5,-2.248,1,0.262,0.0887,2.16e-05,0.179,0.345,96.057,audio_features,7iQXYTyuG13aoeHxGG28Nh,spotify:track:7iQXYTyuG13aoeHxGG28Nh,https://api.spotify.com/v1/tracks/7iQXYTyuG13aoeHxGG28Nh,https://api.spotify.com/v1/audio-analysis/7iQXYTyuG13aoeHxGG28Nh,162768,4
Beautiful Things,0.472,0.471,10,-5.692,1,0.0603,0.151,0.0,0.14,0.219,105.029,audio_features,6tNQ70jh4OwmPGpYy6R2o9,spotify:track:6tNQ70jh4OwmPGpYy6R2o9,https://api.spotify.com/v1/tracks/6tNQ70jh4OwmPGpYy6R2o9,https://api.spotify.com/v1/audio-analysis/6tNQ70jh4OwmPGpYy6R2o9,180304,3
Pongámonos De Acuerdo,0.758,0.525,8,-5.913,1,0.0611,0.43,0.0,0.0747,0.976,97.465,audio_features,1OZpgVRQKkxcoeEocqTMRZ,spotify:track:1OZpgVRQKkxcoeEocqTMRZ,https://api.spotify.com/v1/tracks/1OZpgVRQKkxcoeEocqTMRZ,https://api.spotify.com/v1/audio-analysis/1OZpgVRQKkxcoeEocqTMRZ,161907,3
Alch Si,0.778,0.739,9,-4.969,1,0.0385,0.14,0.0,0.335,0.847,119.99,audio_features,5cWgwbui8BasfjCXvBZ7UA,spotify:track:5cWgwbui8BasfjCXvBZ7UA,https://api.spotify.com/v1/tracks/5cWgwbui8BasfjCXvBZ7UA,https://api.spotify.com/v1/audio-analysis/5cWgwbui8BasfjCXvBZ7UA,153954,4
UNA CERVEZA,0.727,0.835,4,-6.508,1,0.0394,0.0281,5.88e-06,0.223,0.735,135.094,audio_features,0lbDzTINTToToBpkrnQT2t,spotify:track:0lbDzTINTToToBpkrnQT2t,https://api.spotify.com/v1/tracks/0lbDzTINTToToBpkrnQT2t,https://api.spotify.com/v1/audio-analysis/0lbDzTINTToToBpkrnQT2t,280377,3
Proyecto X,0.796,0.55,6,-6.941,1,0.0746,0.137,0.0,0.327,0.837,127.982,audio_features,3PdxzrKH2jVQwAYWe0OMK8,spotify:track:3PdxzrKH2jVQwAYWe0OMK8,https://api.spotify.com/v1/tracks/3PdxzrKH2jVQwAYWe0OMK8,https://api.spotify.com/v1/audio-analysis/3PdxzrKH2jVQwAYWe0OMK8,158036,3
Ya Pedo Quién Sabe,0.576,0.616,11,-4.245,1,0.0341,0.563,0.0,0.139,0.398,155.461,audio_features,3dNLpNsPJ3zvlVu8s5vll0,spotify:track:3dNLpNsPJ3zvlVu8s5vll0,https://api.spotify.com/v1/tracks/3dNLpNsPJ3zvlVu8s5vll0,https://api.spotify.com/v1/audio-analysis/3dNLpNsPJ3zvlVu8s5vll0,191284,3
Ya No Estoy Dolido,0.83,0.866,5,-6.634,0,0.0358,0.0365,3.46e-06,0.0904,0.722,123.051,audio_features,2DRGyAlo0ht15FGLTQPCCt,spotify:track:2DRGyAlo0ht15FGLTQPCCt,https://api.spotify.com/v1/tracks/2DRGyAlo0ht15FGLTQPCCt,https://api.spotify.com/v1/audio-analysis/2DRGyAlo0ht15FGLTQPCCt,179601,3
La Intención,0.794,0.738,2,-3.842,1,0.034,0.536,0.0,0.189,0.838,131.857,audio_features,05tGmdz9dVZ4yGqz4YJdPK,spotify:track:05tGmdz9dVZ4yGqz4YJdPK,https://api.spotify.com/v1/tracks/05tGmdz9dVZ4yGqz4YJdPK,https://api.spotify.com/v1/audio-analysis/05tGmdz9dVZ4yGqz4YJdPK,249465,3
BELLAKEO,0.72,0.88,9,-2.834,1,0.101,0.0562,0.06,0.153,0.463,180.011,audio_features,05WVKTdZhlIMX4qqMLuo0f,spotify:track:05WVKTdZhlIMX4qqMLuo0f,https://api.spotify.com/v1/tracks/05WVKTdZhlIMX4qqMLuo0f,https://api.spotify.com/v1/audio-analysis/05WVKTdZhlIMX4qqMLuo0f,197333,4
El Azul,0.558,0.648,9,-7.081,0,0.055,0.226,7.76e-06,0.0986,0.844,143.876,audio_features,1haJsMtoBhHfvuM7XWuT3W,spotify:track:1haJsMtoBhHfvuM7XWuT3W,https://api.spotify.com/v1/tracks/1haJsMtoBhHfvuM7XWuT3W,https://api.spotify.com/v1/audio-analysis/1haJsMtoBhHfvuM7XWuT3W,187226,3
Kalashnikov,0.773,0.836,7,-5.665,0,0.0373,0.213,0.00024,0.105,0.881,145.079,audio_features,3zFLlF1SvWCt9oZUVPZehW,spotify:track:3zFLlF1SvWCt9oZUVPZehW,https://api.spotify.com/v1/tracks/3zFLlF1SvWCt9oZUVPZehW,https://api.spotify.com/v1/audio-analysis/3zFLlF1SvWCt9oZUVPZehW,129501,3
